,"Los Angeles, CA - All Homes",Unnamed: 1,Unnamed: 2,Unnamed: 3,Unnamed: 4,Unnamed: 5,Unnamed: 6,Unnamed: 7,Unnamed: 8,Unnamed: 9,Unnamed: 10,Unnamed: 11,Unnamed: 12,Unnamed: 13,Unnamed: 14,Unnamed: 15,Unnamed: 16,Unnamed: 17,Unnamed: 18,Unnamed: 19,Unnamed: 20,Unnamed: 21,Unnamed: 22,Unnamed: 23,Unnamed: 24,Unnamed: 25,Unnamed: 26,Unnamed: 27,Unnamed: 28,Unnamed: 29,Unnamed: 30,Unnamed: 31,Unnamed: 32,Unnamed: 33,Unnamed: 34,Unnamed: 35,Unnamed: 36,Unnamed: 37,Unnamed: 38,Unnamed: 39,Unnamed: 40,Unnamed: 41,Unnamed: 42,Unnamed: 43,Unnamed: 44,Unnamed: 45,Unnamed: 46,Unnamed: 47,Unnamed: 48,Unnamed: 49,Unnamed: 50,Unnamed: 51,Unnamed: 52,Unnamed: 53,Unnamed: 54,Unnamed: 55,Unnamed: 56,Unnamed: 57,Unnamed: 58,Unnamed: 59,Unnamed: 60
0,Statistic,,,Zillow Home Value Index,,,,,,Decreasing values (%),,,,Listings with price cut (%),,,,Median value per sq. ft. ($),,,,Median price cut (%),,,,Median list price ($),,,,Median sale price ($),,,,Increasing values (%),,,,Median list price / sq. ft. ($),,,,Median rent list price ($),,,,Median rent list price / sq. ft. ($),,,,Homes foreclosed,,,,Zillow Rent Index,,,,Rent estimate / sq. ft. ($),,,
1,Region Name,Region Type,Type,Current,Month Over Month,Quarter Over Quarter,Year Over Year,5 Year Annualized,10 Year Annualized,Current,Month Over Month,Quarter Over Quarter,Year Over Year,Current,Month Over Month,Quarter Over Quarter,Year Over Year,Current,Month Over Month,Quarter Over Quarter,Year Over Year,Current,Month Over Month,Quarter Over Quarter,Year Over Year,Current,Month Over Month,Quarter Over Quarter,Year Over Year,Current,Month Over Month,Quarter Over Quarter,Year Over Year,Current,Month Over Month,Quarter Over Quarter,Year Over Year,Current,Month Over Month,Quarter Over Quarter,Year Over Year,Current,Month Over Month,Quarter Over Quarter,Year Over Year,Current,Month Over Month,Quarter Over Quarter,Year Over Year,Current,Month Over Month,Quarter Over Quarter,Year Over Year,Current,Month Over Month,Quarter Over Quarter,Year Over Year,Current,Month Over Month,Quarter Over Quarter,Year Over Year
2,Los Angeles,city,All Homes,686700,-0.0013089005235602095,-0.007515536927301633,0.018993916011277638,0.0707,0.0514,---,---,---,---,0.1491,0.017724174046211003,0.02626520045372901,0.03075792983660401,471,0,-0.004228329809725159,0.030634573304157548,0.031400000000000004,0.0001099432010264989,0.0013227087673593997,-0.0023836212360907982,840000,0.012049412107725432,0.050147020582881605,0.051314142678347927,705200,0.009447466361294017,0.02888824044353662,0.10967741935483871,---,---,---,---,533,0.012680306060818663,0.019163148951866445,0.0668333457094056,3500,0,0,0,2.7667,0.006280150547510161,0.018003868394087793,0.02483218834127697,0.48,0.0023,0.0015999999999999999,-0.00010000000000000009,3081,-0.0009727626459143969,0.0006495615459564793,0.034934497816593885,2.266,0,0.0017683465959328045,0.0394495412844036
3,90001,zipcode,All Homes,381400,0.004741833508956797,0.01652452025586354,0.06924586487244183,0.0998,0.0626,---,---,---,---,0.1562,0.0625,0.05098684210526301,0.0653409090909091,371,0.002702702702702703,0.010899182561307902,0.07225433526011561,---,---,---,---,399500,-0.03734939759036145,0.0012531328320802004,0.06533333333333333,496100,0.02648458514380302,0.26879795396419437,0.37614424410540914,---,---,---,---,389,-0.043219576113649044,0.09168148587235715,0.2001623669493059,---,---,---,---,---,---,---,---,0,---,---,---,2484,-0.00400962309542903,-0.007987220447284345,0.08046976946498477,2.448,-0.004878048780487809,-0.00970873786407768,0.09188224799286351
4,90002,zipcode,All Homes,378400,0.0018533227429176596,0.006650704974727321,0.056098241696902036,0.1076,0.06430000000000001,---,---,---,---,0.027,-0.06271656271656269,-0.016451233842538198,-0.027518427518427497,354,0,-0.0028169014084507044,0.04424778761061947,0.02,-0.055187969924812,-0.026153846153846097,0.0071710526315789,390000,0.0012824182891590084,0.019602614379084966,0.0401333511134818,371900,-0.006146445750935329,-0.05585173902005585,0.06348298541607092,---,---,---,---,348,0.003478784647994364,0.0565830808307933,0.03854380108129592,---,---,---,---,---,---,---,---,---,---,---,---,2453,-0.0028455284552845526,-0.006077795786061589,0.07871591908531222,2.346,-0.004244482173174783,-0.005089058524173033,0.09626168224299063
5,90003,zipcode,All Homes,402600,0.008264462809917356,0.03416388389416902,0.12615384615384614,0.1116,0.0684,---,---,---,---,0.0781,-0.021875,-0.007589285714285694,0.034646739130434805,382,0.005263157894736842,0.024128686327077747,0.10404624277456648,---,---,---,---,419000,0.00963855421686747,0.04776194048512128,0.12483221476510067,394500,0.027879103699843668,0.007920286152273888,0.12042033513206475,---,---,---,---,385,-0.004690402635656727,0.05427085044528102,0.10848585421135577,---,---,---,---,---,---,---,---,---,---,---,---,2503,-0.007140023800079334,-0.0122336227308603,0.07057313943541488,2.416,-0.008210180623973735,-0.013877551020408265,0.08243727598566294
6,90004,zipcode,All Homes,1379700,-0.005334871314252757,-0.018426294820717132,-0.0029628559040323745,0.0932,0.055,---,---,---,---,0.1855,0.048387096774193984,0.040184725668596995,0.0893300248138959,819,-0.0012195121951219512,-0.007272727272727273,0.030188679245283023,0.0385,-0.001496380148434695,0.0060917473641883026,0.018832095874934503,1347000,-0.001852537977028529,0.04580745341614907,0.040154440154440155,---,---,---,---,---,---,---,---,779,-0.020713206675023098,0.03801383718088017,0.09244098441003037,---,---,---,---,2.5882,-0.06862964769147555,-0.058902091721496755,-0.018265713910793287,0,---,---,---,4598,-0.011395398838959363,-0.013728013728013728,0.06657388077012294,2.826,0.007845934379458004,0.012903225806451625,0.0672205438066465
7,90005,zipcode,All Homes,781700,-0.001532762804955933,-0.009754243729414745,-0.022263914946841778,0.0471,0.0378,---,---,---,---,---,---,---,---,537,-0.005555555555555556,-0.014678899082568808,0.02091254752851711,---,---,---,---,---,---,---,---,---,---,---,---,---,---,---,---,570,0.019330481560696642,-0.006981141745771282,0.10080003224311261,2730,-0.026785714285714284,-0.019784172661870502,-0.030249110320284697,---,---,---,---,---,---,---,---,3358,0.005991611743559017,0.011141222523336346,0.0435052827843381,2.306,0.011403508771929933,0.018551236749116726,0.04722979109900096
8,90006,zipcode,All Homes,657500,-0.004993946731234867,-0.025348354580492144,-0.007247470934621772,0.0765,0.0494,---,---,---,---,---,---,---,---,504,-0.0019801980198019802,-0.0136986301369863,0.020242914979757085,---,---,---,---,799000,0.03901170351105332,0.04581151832460732,0,---,---,---,---,---,---,---,---,545,-0.00048053704531181486,0.014108207338572825,0.00538577154308632,---,---,---,---,---,---,---,---,0,---,---,---,2933,0.004108182129407737,0.005829903978052126,0.026242127361791462,2.2920000000000003,0.011473962930273522,0.01776198934280641,0.030575539568345148
9,90007,zipcode,All Homes,660900,0.007469512195121951,0.0062423873325213155,0.046390120329322354,0.0906,0.0545,---,---,---,---,---,---,---,---,444,0,0,0.04716981132075472,---,---,---,---,---,---,---,---,---,---,---,---,---,---,---,---,---,---,---,---,---,---,---,---,---,---,---,---,0,---,---,---,2995,-0.006633499170812604,-0.008606421714664018,0.024982888432580425,1.9160000000000001,-0.0031217481789802323,0,0.04130434782608687
10,90008,zipcode,All Homes,838000,0.0014340344168260039,0.0032323716030168803,0.06304706330077382,0.1145,0.0761,---,---,---,---,0.1212,0.03787878787878769,0.0510366826156298,0.07359307359307339,498,0.004032258064516129,0.008097165991902834,0.06638115631691649,---,---,---,---,899000,-0.02600216684723727,0.01876153047672147,0.05889281507656066,814400,-0.040414751973606694,-0.025254338719329743,0.08717127219329862,---,---,---,---,528,-0.012818526175005472,0.07654074929531932,0.17285625388923676,---,---,---,---,---,---,---,---,---,---,---,---,3285,0.009526736324523662,0.01326341764342998,0.04517976455615655,1.998,0.00807265388496469,0.013184584178498998,0.03954214360041627
11,90010,zipcode,All Homes,---,---,---,---,---,---,---,---,---,---,---,---,---,---,---,---,---,---,---,---,---,---,---,---,---,---,---,---,---,---,---,---,---,---,---,---,---,---,---,---,---,---,---,---,---,---,---,---,---,---,3579,0.0030829596412556056,0.010160880609652836,0.04131510037823683,2.644,0.0007570022710068978,0.009160305343511458,0.031201248049922022
12,90011,zipcode,All Homes,415000,0.0058167716917111,0.01591187270501836,0.10079575596816977,0.1139,0.069,---,---,---,---,0.0732,0.04685494223363291,0.0034032898468520046,-0.006829268292682897,351,0.002857142857142857,0.008620689655172414,0.09006211180124224,---,---,---,---,425000,-0.005731664522166335,0.024096385542168676,0.10821382007822686,444800,0.03586399627387052,0.18613333333333335,0.1396361772995132,---,---,---,---,366,-0.003985697793612008,0.015895824053526787,0.108214855569356,---,---,---,---,---,---,---,---,---,---,---,---,2575,-0.004638577502899111,-0.01037663335895465,0.06317093311312964,2.212,-0.005395683453237415,-0.01250000000000001,0.06346153846153851
13,90012,zipcode,All Homes,574300,0.004899387576552931,0.002268760907504363,0.015202404101113665,0.0745,0.0538,---,---,---,---,---,---,---,---,574,0.005253940455341506,0.01592920353982301,0.047445255474452545,---,---,---,---,659500,0.014615384615384615,0.059522853241224194,-0.20517078885142057,---,---,---,---,---,---,---,---,610,0.1283525306206641,0.12623090773188694,0.13054795724717197,2800,0.040892193308550186,0.0958904109589041,0.07054100554387306,3.5536000000000003,0.004282771332537611,0.037074724782626155,0.14388475984486085,0,---,---,---,2555,0.006698187549251378,0.015904572564612324,0.05014385532264694,2.628,0.005355776587605293,0.006896551724138023,0.04368546465448782
14,90013,zipcode,All Homes,597100,-0.00016744809109176155,-0.010932582408481033,0.02050931464706888,0.0654,---,---,---,---,---,---,---,---,---,643,0,-0.0046439628482972135,0.007836990595611285,---,---,---,---,---,---,---,---,---,---,---,---,---,---,---,---,---,---,---,---,---,---,---,---,2.7921,0.039621020862354826,0.05167691447735914,0.026683558814242052,0,---,---,---,2565,0.0058823529411764705,0.0122336227308603,0.05295566502463054,2.7840000000000003,0.010893246187363764,0.02428256070640171,0.060167555217060145
15,90014,zipcode,All Homes,597100,-0.0023391812865497076,-0.0025058469762779824,0.13280212483399734,0.06420000000000001,---,---,---,---,---,---,---,---,---,677,0.0014792899408284023,-0.0014749262536873156,0.07802547770700637,---,---,---,---,---,---,---,---,---,---,---,---,---,---,---,---,---,---,---,---,---,---,---,---,---,---,---,---,0,---,---,---,2469,0.013130898645876077,0.030037546933667083,0.04751803139584218,3.04,0.005956320317670496,0.016722408026755793,0.047553411440385905
16,90015,zipcode,All Homes,656100,-0.0018256503879507074,-0.011152976639035419,0.005825540395523532,0.0397,0.042,---,---,---,---,0.25,0.05582524271844701,0.144736842105263,0.122727272727273,630,-0.003164556962025317,-0.015625,-0.009433962264150943,---,---,---,---,739000,-0.00605245460659045,-0.026350461133069828,-0.07044025157232704,---,---,---,---,---,---,---,---,696,-0.021945258180650306,-0.026602035157580924,-0.04602767144898532,2970,-0.0025197379472534855,-0.026557377049180327,-0.040710823909531506,3.25,0.006276150627615034,0.014285714285713036,-0.012000000000001136,---,---,---,---,2987,0.008780817291455589,0.023295649194929772,0.05585012371862849,2.912,0.007612456747404774,0.01960784313725492,0.04447632711621238
17,90016,zipcode,All Homes,736600,0.005322778763477549,0.012926292629262925,0.06276150627615062,0.12480000000000001,0.08650000000000001,---,---,---,---,0.1489,-0.01773049645390099,0.04599499374217801,0.0873977086743045,554,0.0036231884057971015,-0.0018018018018018016,0.05725190839694656,---,---,---,---,765000,0.02,0.020068684624764733,-0.03463880032733947,---,---,---,---,---,---,---,---,579,0.016597291768296392,0.012378462666733633,0.14254384207428222,---,---,---,---,---,---,---,---,---,---,---,---,2989,0.005043712172158709,0.010821778829895164,0.01528532608695652,2.436,0.004122011541632229,0.007444168734491229,0.0226700251889168
18,90017,zipcode,All Homes,635900,-0.0015701051970482022,-0.00015723270440251572,0.04830201121002308,0.058,0.044000000000000004,---,---,---,---,---,---,---,---,592,0,-0.011686143572621035,-0.003367003367003367,---,---,---,---,850000,-0.017341040462427744,-0.04494382022471911,0.013110846245530394,---,---,---,---,---,---,---,---,985,0,-0.035176991150446375,0.2797798287557441,---,---,---,---,---,---,---,---,---,---,---,---,2723,0.00036737692872887575,0.003685956505713233,0.02638522427440633,2.91,-0.0034246575342465023,-0.004787961696306358,0.035587188612099675
19,90018,zipcode,All Homes,702900,0.003999428653049564,0.0009968669894616917,0.06856187290969899,0.1375,0.0852,---,---,---,---,0.1552,0.05681175805539811,-0.020266182698125003,0.051724137931034,494,0.0040650406504065045,0.010224948875255624,0.07158351409978309,---,---,---,---,799000,0.06611515111081459,0.10206896551724139,0.061794019933554815,---,---,---,---,---,---,---,---,513,-0.011180745473499896,0.07031487746720065,0.14014715201478573,---,---,---,---,---,---,---,---,0,---,---,---,2946,0.0030643513789581204,0.007523939808481532,0.020083102493074788,2.12,0.006647673314340092,0.013384321223709382,0.02912621359223304
20,90019,zipcode,All Homes,1121700,0.0018756698821007502,-0.00620182510853194,0.01880108991825613,0.09140000000000001,0.0688,---,---,---,---,0.1301,-0.024390243902438994,0.022238163558105997,0.013414634146341005,663,-0.0015060240963855422,-0.0074850299401197605,0.02,0.0356,-0.0038623834024358004,0.009764139693733598,-0.0021547929605665005,1099500,0,0.048141086749285036,-0.07410526315789474,1067500,0.07893672933090762,0.10816983286618914,0.11232676878191102,---,---,---,---,608,0.022870181004472297,0.02144287404546632,0.005141365810842425,3000,-0.08952959028831563,-0.05496928650181131,-0.14285714285714285,2.4449,0.00018552875695761352,0.012123905884165004,0.0028346936057681653,---,---,---,---,3872,-0.007433991284286081,-0.01148838396732193,0.013082155939298797,2.458,-0.002435064935064847,-0.006467259498787393,0.03104026845637596
21,90020,zipcode,All Homes,581400,0.009900990099009901,0.030120481927710843,0.06405563689604685,0.07730000000000001,0.042300000000000004,---,---,---,---,---,---,---,---,590,-0.001692047377326565,-0.008403361344537815,0.01549053356282272,---,---,---,---,739000,0.027816411682892908,0.06484149855907781,-0.004577059744234225,---,---,---,---,---,---,---,---,616,-0.013003691491240981,0.028995085664376415,0.005397253750298067,---,---,---,---,---,---,---,---,---,---,---,---,---,---,---,---,2.8120000000000003,0.008608321377331429,0.01589595375722545,0.0484712900820283
22,90022,zipcode,All Homes,454600,-0.0006594856012310398,0,0.03718913985854438,0.0765,0.0434,---,---,---,---,---,---,---,---,415,0.0024154589371980675,0.0024154589371980675,0.047979797979797977,---,---,---,---,495000,0.033402922755741124,0.05543710021321962,0.1,434000,0.006026889197960131,-0.007319304666056725,-0.005955107650022904,---,---,---,---,422,-0.016936955460175755,-0.05440900562851718,0.09621474697312105,---,---,---,---,---,---,---,---,0,---,---,-0.0194,2373,-0.0033599328013439733,-0.0033599328013439733,0.04491413474240422,2.146,-0.0037140204271123526,-0.0027881040892194365,0.04580896686159837
23,90023,zipcode,All Homes,428300,0.0058713010803193985,0.016373991457047935,0.06304293869446513,0.0908,0.057,---,---,---,---,---,---,---,---,410,0.004901960784313725,0.017369727047146403,0.06217616580310881,---,---,---,---,---,---,---,---,---,---,---,---,---,---,---,---,---,---,---,---,---,---,---,---,---,---,---,---,0,---,---,---,2369,-0.0037846930193439865,-0.006291946308724832,0.03949100482667837,2.254,-0.003536693191865609,-0.007048458149779741,0.035845588235294046
24,90024,zipcode,All Homes,1252400,0.0011991366216324247,-0.006031746031746032,-0.00815712362398036,0.067,0.031100000000000003,---,---,---,---,0.1368,-0.021981424148606994,-0.046981424148606996,0.033616298811544994,783,-0.003816793893129771,-0.016331658291457288,0.0129366106080207,0.030100000000000002,-0.0020132160478046,0.0009532798092098016,-0.011314016257695897,1498000,-0.09157064887810794,-0.023786249592701206,-0.031987075928917606,---,---,---,---,---,---,---,---,896,-0.010970082983740796,0.038464191479255755,0.1239978072057241,4500,0,0,0.03246529769416084,3.4586,0.022777042336264732,0.028943850267377936,0.022859705997588367,0,---,---,---,4808,-0.0024896265560165973,0.007966457023060796,0.07058561567579603,3.188,0.010779961953075538,0.01853035143769977,0.05075807514831917
25,90025,zipcode,All Homes,968900,-0.0043161031754187645,-0.014042942912384247,-0.0013399299113584827,0.055200000000000006,0.0434,---,---,---,---,0.10690000000000001,0.007771129908534906,-0.00940884075980799,0.04323386537127041,666,-0.0029940119760479044,-0.01040118870728083,0.02304147465437788,---,---,---,---,1025000,0.01995124135529131,-0.012048192771084338,0.068264721208963,---,---,---,---,---,---,---,---,667,-0.009090168817412383,0.006221011133126266,0.033487818265850684,4000,0.0012515644555694619,0.0012515644555694619,0.012658227848101267,2.9302,0.02710560249806505,0.02204212193489784,0.019997474667761174,0,---,---,-0.013000000000000001,4040,0.004975124378109453,0.01075806855141356,0.04446742502585315,2.77,0.009475218658892054,0.016886930983847217,0.055640243902438984
26,90026,zipcode,All Homes,953100,0.0024190155658392934,0.011568669072383783,0.02616279069767442,0.075,0.0736,---,---,---,---,0.1333,-0.013725490196079004,0.0519379844961237,0.0491228070175435,756,0,0.0013245033112582781,0.03137789904502047,---,---,---,---,999500,0.0015015030060120242,-0.0005005005005005005,0.004521105527638191,---,---,---,---,---,---,---,---,744,0,-0.0014513810835619261,0.08039135740010436,3100,0,-0.03125,-0.07462686567164178,2.9557,-0.051956501533600506,-0.05843994754935087,-0.03198743734807539,0,---,---,---,3323,0.0018088634308109737,0.0033212560386473426,0.07020933977455716,2.694,0.005974607916355495,0.009745127436281784,0.061465721040189186
27,90027,zipcode,All Homes,1485600,-0.000672675904749092,-0.0074826296098343134,-0.020634188146878504,0.0656,0.0524,---,---,---,---,0.1474,0.0030385241454160016,0.026489300173511,0.059868421052632,799,-0.0037406483790523694,-0.011138613861386138,0.0037688442211055275,---,---,---,---,1814500,0.008335648791330925,0.008615897720956087,0.06798116539140671,---,---,---,---,---,---,---,---,815,0,0.007953240270269986,0.06906561668934225,---,---,---,---,3.0277000000000003,-0.09311772693959403,0.0361937716262962,0.04774320215394148,---,---,---,---,5096,0.011111111111111112,0.023293172690763052,0.03640431157209681,2.818,0.010760401721664365,0.018063583815029,0.03450807635829657
28,90028,zipcode,All Homes,901300,0.003451347138721888,-0.010104338275672708,0.03005714285714286,0.0575,0.041600000000000005,---,---,---,---,---,---,---,---,666,-0.005970149253731344,-0.014792899408284023,-0.02631578947368421,---,---,---,---,935000,-0.04494382022471911,-0.06030150753768844,0.039466370205669815,---,---,---,---,---,---,---,---,620,-0.05112164265573978,-0.09169816307651636,-0.09395107247769903,---,---,---,---,3.19,-0.03837262012692747,-0.04231350556612146,-0.2252857142857144,0,---,---,---,3349,0.018242626938279112,0.038449612403100776,0.06351222610352493,2.74,0.01934523809523811,0.033962264150943514,0.042617960426179644
29,90029,zipcode,All Homes,930600,0.010423452768729642,0.013946393549792983,0.06135948905109489,0.1048,0.0693,---,---,---,---,---,---,---,---,684,0,-0.004366812227074236,0.07042253521126761,---,---,---,---,---,---,---,---,---,---,---,---,---,---,---,---,---,---,---,---,---,---,---,---,---,---,---,---,0,---,---,---,3292,0.01573588398642394,0.030037546933667083,0.07406199021207178,2.446,0.014937759336099598,0.028595458368376812,0.06347826086956537
30,90031,zipcode,All Homes,629100,-0.004115877790090232,-0.007885191610156127,0.050425780597762565,0.1039,0.07390000000000001,---,---,---,---,---,---,---,---,528,0,0.0018975332068311196,0.015384615384615385,---,---,---,---,619900,0.003967932626123573,0.050686870227713794,0.02133618914243348,---,---,---,---,---,---,---,---,525,0.04732367661641032,0.10814982119329725,0.15110648920954034,---,---,---,---,---,---,---,---,0,---,---,---,2625,-0.005305039787798408,-0.00681044267877412,0.04084060269627279,2.294,-0.0008710801393727265,0.0008726003490402373,0.04272727272727266
31,90032,zipcode,All Homes,620300,0.0006452653653815131,0.00210016155088853,0.04798107788477783,0.1143,0.0685,---,---,---,---,0.1028,-0.08767245215843301,-0.016008142870362008,0.021171085256532506,518,0,-0.005758157389635317,0.02371541501976284,---,---,---,---,649000,0.0384,0.006201550387596899,0.051949104465515844,590900,0.006643952299829642,-0.06812805551174894,0.05461359985721935,---,---,---,---,519,0.00029780047368346856,0.0008395372142494805,0.0336594227962467,---,---,---,---,---,---,---,---,0,---,---,---,2514,0.002792181890706023,0.005599999999999999,0.036273701566364384,2.184,0.0018348623853211023,0.005524861878453042,0.04899135446685894
32,90033,zipcode,All Homes,489400,-0.0012244897959183673,-0.004475183075671277,0.055196205260888316,0.10990000000000001,0.0687,---,---,---,---,---,---,---,---,458,0.002188183807439825,0.0043859649122807015,0.06018518518518518,---,---,---,---,---,---,---,---,---,---,---,---,---,---,---,---,---,---,---,---,---,---,---,---,---,---,---,---,---,---,---,---,2425,-0.0032881216605014385,-0.005332239540607055,0.024070945945945946,2.2840000000000003,0,-0.0017482517482517502,0.025134649910233217
33,90034,zipcode,All Homes,1264800,-0.0018151684949885567,-0.014646307260828918,-0.0006321112515802782,0.097,0.06860000000000001,---,---,---,---,0.1389,0.018888888888889,0.012128325508606999,-0.006272401433691997,845,-0.0023612750885478157,-0.01629802095459837,0.010765550239234449,0.0296,-0.008694612948394803,-0.018760116568233398,-0.0307730016059773,1375000,0.06177606177606178,0.10088070456365092,0.14631096290120885,1273600,0.021822849807445442,-0.06083622151758719,0.18651015464877957,---,---,---,---,817,0.06784560037180941,0.004491048112618793,0.06363955259669311,3850,0.025333333333333333,0.13088235294117648,0.18398768283294842,2.7068000000000003,-0.07999232927951969,-0.05942225719762444,0.0023176646228827685,0,---,---,---,4149,0.011211308798440168,0.01915991156963891,0.04508816120906801,3.032,0.00864936793080514,0.014046822742474853,0.03269754768392374
34,90035,zipcode,All Homes,1512600,-6.610696106299993e-05,-0.0063719372002890365,0.024241603466955575,0.0951,0.069,---,---,---,---,0.16670000000000001,0.1327683615819212,0.0819209039548026,0.1244131455399064,817,-0.0036585365853658543,-0.01566265060240964,0.019975031210986267,---,---,---,---,---,---,---,---,---,---,---,---,---,---,---,---,712,0.0049606568593913054,-0.018679401711653727,-0.05466732155591139,4200,-0.05677346824058461,-0.0675705712380529,-0.07292817679558011,2.8000000000000003,-0.004444444444444508,-0.024499999999998565,0.053333333333331526,0,---,---,-0.0223,5128,0.007465618860510805,0.012038681665679889,0.10019309161124221,2.962,0.006798096532970773,0.014383561643835705,0.06088825214899727
35,90036,zipcode,All Homes,1739100,0.0005753408894770152,-0.00246644487782494,-0.0022947622052664793,0.06720000000000001,0.0523,---,---,---,---,0.15380000000000002,0.053846153846153995,0.039092055485497997,0.048582995951417,829,0.0012077294685990338,-0.0036057692307692305,0.015931372549019607,---,---,---,---,1750000,0,-0.02642559109874826,0.014786894752102058,---,---,---,---,---,---,---,---,817,0.02516691362725389,-0.013355626067138648,0.004901738229415727,---,---,---,---,3.1937,0.0023298816568057892,0.07334597697127947,0.09224476809954978,0,---,---,---,6132,-0.002764677183281834,-0.004222150048717116,0.061450579885753844,2.986,0.0006702412868633459,-0.0013377926421404692,0.042597765363128606
36,90037,zipcode,All Homes,477800,0.004203446826397646,0.017028522775649212,0.0829555757026292,0.11410000000000001,0.0684,---,---,---,---,0.08700000000000001,-0.07093821510297461,-0.0342555994729906,---,358,0.0028011204481792717,0.011299435028248588,0.06865671641791045,---,---,---,---,482100,-0.021136040609137055,0.017068565400843883,0.0012263759086188993,---,---,---,---,---,---,---,---,383,0.0162883737080549,0.004161281813615727,0.04670446491849887,---,---,---,---,---,---,---,---,0,---,---,---,2625,-0.005305039787798408,-0.00980761976612599,0.057188884414015304,1.982,-0.0020140986908358527,-0.004020100502512567,0.05763073639274272
37,90038,zipcode,All Homes,1024400,0.0075735221796006695,-0.006305170239596469,0.03339049732674266,0.1008,0.0592,---,---,---,---,---,---,---,---,772,0.0012970168612191956,-0.007712082262210797,0.05034013605442176,---,---,---,---,1349000,0,0.03849114703618168,0.3503503503503504,---,---,---,---,---,---,---,---,742,0.0489861728202889,0.0066059291619335195,0.152620885571594,---,---,---,---,---,---,---,---,0,---,---,---,3525,0.01322219028456453,0.024411508282476024,0.07142857142857142,2.802,0.010093727469358335,0.01669085631349792,0.04318689501116906
38,90039,zipcode,All Homes,1046000,-0.005514356341509793,-0.003239946636173051,0.15376130597838075,0.0874,0.06520000000000001,---,---,---,---,0.14100000000000001,-0.016869095816464005,0.0752361673414305,-0.0018315018315020026,807,0,0,0.07887700534759358,---,---,---,---,1097000,0.04725536992840095,0.02332089552238806,0.10030090270812436,1113000,0.030364747269024255,0.06711409395973154,0.3180956892468025,---,---,---,---,802,-0.024766177494184333,-0.02766093509223802,0.05983451546868548,3700,-0.075,-0.10843373493975904,-0.03896103896103896,3.3246,0.009213385484572078,0.07806136810695294,0.07033088801854794,0,---,---,---,3483,0.011030478955007257,0.019016968987712112,0.1004739336492891,2.8000000000000003,0.007194244604316554,0.01375814627081818,0.0598031794095382
39,90040,zipcode,All Homes,459000,-0.0006531678641410843,-0.00021781746896101068,0.04938271604938271,0.0779,0.046400000000000004,---,---,---,---,---,---,---,---,402,0,0.005,0.04415584415584416,---,---,---,---,---,---,---,---,---,---,---,---,---,---,---,---,---,---,---,---,---,---,---,---,---,---,---,---,0,---,---,---,2398,-0.0033250207813798837,-0.004152823920265781,0.04442508710801394,2.108,-0.004721435316336066,-0.004721435316336066,0.05294705294705311
40,90041,zipcode,All Homes,904200,-0.0029771749917300696,-0.007355362827972335,0.03230962438634547,0.0732,0.0609,---,---,---,---,0.1481,0.035788597586350016,0.03276353276353301,0.021387584767866005,657,-0.001519756838905775,0.001524390243902439,0.04952076677316294,---,---,---,---,954500,0.060673408156461835,0.09655925096214603,0.09838895281933256,845700,-0.05084175084175084,-0.09453961456102783,0.012935680919870643,---,---,---,---,596,0.008717005887550453,-0.0384459328706262,-0.06138971696640152,---,---,---,---,---,---,---,---,0,---,---,---,3264,-0.004574565416285453,-0.003054367745876604,0.06527415143603134,2.338,-0.0034100596760443334,-0.0008547008547007606,0.059836808703535874
41,90042,zipcode,All Homes,755800,-0.0026392187912377936,-0.012284370099320438,0.019835379840777222,0.09090000000000001,0.07640000000000001,---,---,---,---,0.1865,0.06696328001802199,0.05047407564061899,0.11601567689650548,631,-0.00315955766192733,-0.006299212598425197,0.0096,---,---,---,---,792500,0,0.056666666666666664,0.16715758468335784,756000,0.00867244829886591,0.0674950578932505,0.11570247933884298,---,---,---,---,591,0.017751349423998107,0.08375526447271425,0.11755992705166556,2600,0.04041616646658664,0.08333333333333331,0.08333333333333331,---,---,---,---,---,---,---,---,2785,-0.016596045197740113,-0.026223776223776224,0.014571948998178506,2.392,-0.00746887966804989,-0.0066445182724252545,0.039096437880104196
42,90043,zipcode,All Homes,659800,0.003956177723676202,-0.002419110976716057,0.014452644526445265,0.1136,0.0732,---,---,---,---,0.1368,0.047199897946166885,-0.021978021978022007,0.07425213675213699,451,0.0022222222222222222,0.0022222222222222222,0.04640371229698376,0.037000000000000005,-0.020677248677248596,0.0020217465171593974,-0.0038303524542056032,697000,0.03259259259259259,0.044194756554307116,0.13333333333333333,656600,-0.011591148577449948,0.04520853231454951,0.047208931419457735,---,---,---,---,445,-0.007762713747082259,-0.029323293085386715,0.07507972537424555,---,---,---,---,---,---,---,---,---,---,---,---,2896,0.009059233449477353,0.015071854188573432,0.000691085003455425,2.044,0.008884501480750364,0.016915422885572268,0.043922369765066444
43,90044,zipcode,All Homes,434900,0,0,0.0389393215480172,0.09870000000000001,0.0599,---,---,---,---,0.1275,0.024002704530087994,-0.03618538324420699,0.0680450397980976,370,0.0027100271002710023,0.0027100271002710023,0.05113636363636364,0.0345,0.006708944834016601,-0.0016578557014585993,0.013868165910763399,442500,0.005796113194681214,0.029069767441860465,0.017241379310344827,430500,-0.022257551669316374,-0.027777777777777776,0.0326217318301751,---,---,---,---,382,0.03463343499952741,0.027728290326380446,0.07808462426993144,---,---,---,---,---,---,---,---,---,---,---,---,2529,-0.0031533307055577452,-0.005505308690523004,0.05948889819857562,2.152,-0.004625346901017478,-0.008294930875575942,0.06114398422090735
44,90045,zipcode,All Homes,1201000,0.00041649312786339027,-0.001911410288373639,0.03382973228888698,0.0887,0.0671,---,---,---,---,0.2238,0.09785029785029802,0.07424351349585001,0.07416992456362602,727,-0.006830601092896175,-0.02021563342318059,-0.002743484224965706,0.036500000000000005,0.005740146121271299,0.0016874721553292993,0.004467714263993803,1376500,0.02000778807254097,0.020385470719051148,0.05884656109483119,---,---,---,---,---,---,---,---,744,-0.002147243459113083,-0.008407812960190844,0.1003624388387341,4200,-0.023028611304954642,0.037037037037037035,0.051314142678347927,3.0867,0.040946493634094173,0.11710889784333105,0.06220455185799475,0,---,---,---,4183,0.006738868832731648,0.011608222490931077,0.03719315645921151,2.712,0.0029585798816568073,0.005189028910304016,0.024169184290030232
45,90046,zipcode,All Homes,1516600,0.0018496498876998282,-0.0036788858231507028,0.0481719538323312,0.0847,0.0545,---,---,---,---,0.1449,0.008396170918231007,0.0032271313735840047,-0.0011398794984529914,888,0.0011273957158962795,-0.004484304932735426,0.011389521640091115,0.0364,-0.0043861029377056,-0.024033435554963005,-0.013695089690301301,1795000,0.004508255434977257,0.056193308677054625,0.13968253968253969,---,---,---,---,---,---,---,---,865,-0.005208860640581678,-0.02328231132813715,0.0789186975390519,5450,-0.043859649122807015,-0.07627118644067797,0.04807692307692309,3.6940000000000004,-0.011187806796570584,0.017441364605544428,-0.020466970166630523,---,---,---,---,5007,-0.0015952143569292123,0.0005995203836930455,0.04464844564990611,3.27,0.0006119951040392363,0,0.03415559772296018
46,90047,zipcode,All Homes,497600,0.00586213866990095,0.002619383437437034,0.03515706261701685,0.09620000000000001,0.058300000000000005,---,---,---,---,0.13670000000000002,0.0013523016173519942,0.006255864873318,0.047801758593125104,380,0.002638522427440633,-0.0026246719160104987,0.03825136612021858,0.0342,0.009615311895516098,-0.0013570104035854013,-0.0043860594434984,525000,0.009615384615384616,0.05,0.06707317073170732,485900,0.04158628081457663,0.04180960548885078,0.04562083064342587,---,---,---,---,410,0.017280084690162865,0.061012086244236444,0.10226550091032377,---,---,---,---,---,---,---,---,0.9500000000000001,---,---,---,2609,0.0034615384615384616,0.00772499034376207,0.03572846367606193,2.0260000000000002,0.002970297029702863,0.007960199004975133,0.04004106776180691
47,90048,zipcode,All Homes,1891800,0.008906191669777613,0.018794765469330604,0.08214163139228921,0.0792,0.06330000000000001,---,---,---,---,0.1778,0.11184371184371208,0.1215980024968791,0.051017214397496,964,-0.0010362694300518134,0,0.03879310344827586,---,---,---,---,1699000,-0.014786894752102058,-0.12827090815802974,-0.05479833101529903,---,---,---,---,---,---,---,---,887,-0.023573609311708904,-0.06704201201368196,-0.003090068437915584,---,---,---,---,4.0483,0.0012016977482467675,0.03954634399818647,0.14954276507921543,---,---,---,---,5977,0.019617877857386556,0.035695719979206376,0.09009666241108881,3.464,0.018224573780129285,0.03156640857653361,0.07244582043343653
48,90049,zipcode,All Homes,2646900,0.0014377057243388446,0.000491381917145449,-0.01576618450898003,0.0562,0.0664,---,---,---,---,0.1757,-0.01606197207755198,0.0761337875995921,-0.006424007302600998,1013,-0.002952755905511811,-0.01267056530214425,-0.018410852713178296,0.0557,0.005710306406685302,0.016494620132175505,0.0030093841405457056,3095000,-0.03129890453834116,-0.06140873602537684,0.0333889816360601,---,---,---,---,---,---,---,---,986,-0.002908499237106081,-0.024207456559327704,0.004252439135023063,6000,0.034482758620689655,-0.04,0.0008340283569641367,3.4222,0.05274074074073978,0.03494623655913796,0.033111164082484226,---,---,---,---,9346,-0.000427807486631016,0.0005352745958676801,0.05963718820861677,3.734,0.007555315704263364,0.015778019586507024,0.06260671599317023
49,90051,zipcode,All Homes,---,---,---,---,---,---,1,---,---,---,---,---,---,---,---,---,---,---,---,---,---,---,---,---,---,---,---,---,---,---,0,---,---,---,---,---,---,---,---,---,---,---,---,---,---,---,---,---,---,---,---,---,---,---,---,---,---,---
50,90056,zipcode,All Homes,1335200,-0.002316371516102518,-0.0034333482609344677,0.09236684938231203,0.11280000000000001,0.0711,---,---,---,---,---,---,---,---,497,-0.004008016032064128,-0.004008016032064128,0.06881720430107527,---,---,---,---,---,---,---,---,---,---,---,---,---,---,---,---,---,---,---,---,---,---,---,---,---,---,---,---,---,---,---,---,4699,0.014464594127806563,0.021077792264232943,0.04935238945958017,1.8940000000000001,0.006376195536663129,0.009594882729211097,0.04065934065934057
51,90057,zipcode,All Homes,496100,0.0028299979785728724,0.03075005194265531,0.06826012058570198,0.08710000000000001,0.0466,---,---,---,---,---,---,---,---,474,-0.002105263157894737,-0.0125,0.01282051282051282,---,---,---,---,---,---,---,---,---,---,---,---,---,---,---,---,---,---,---,---,---,---,---,---,---,---,---,---,0,---,---,---,2492,0.010133765707336847,0.018806214227309895,0.05817409766454353,2.524,0.008792965627498098,0.027687296416938137,0.07130730050933792
52,90059,zipcode,All Homes,392300,0.0020434227330779057,0.004095213718965958,0.06981183528770112,0.1034,0.060700000000000004,---,---,---,---,0.1429,0.035164835164835005,0.09157509157509171,0.08667736757624411,344,-0.002898550724637681,-0.002898550724637681,0.051987767584097865,---,---,---,---,400000,-0.04079136690647482,0.0002250562640660165,0.08105405405405404,400900,0.03484770263293753,0.08615551341099974,0.10991140642303433,---,---,---,---,341,0.03783338250628004,0.04453651023578468,0.020717230129269272,---,---,---,---,---,---,---,---,0,---,---,-0.0368,2447,0.0020475020475020475,0.0020475020475020475,0.0629887054735013,2.18,0.002759889604415928,0.002759889604415928,0.06653620352250494
53,90061,zipcode,All Homes,418500,0.004801920768307323,0.01824817518248175,0.09554973821989529,0.1056,0.058300000000000005,---,---,---,---,---,---,---,---,362,0.008356545961002786,0.011173184357541898,0.08708708708708707,---,---,---,---,444300,0.045294117647058825,0.05648038049940547,0.110625,---,---,---,---,---,---,---,---,368,-0.048580781768032905,0.10694898015366569,0.07524687477335636,---,---,---,---,---,---,---,---,---,---,---,---,2493,0.0004012841091492777,-0.0008016032064128256,0.06085106382978724,2.204,0,-0.0009066183136898366,0.061657032755298706
54,90062,zipcode,All Homes,572800,0.002450122506125306,0.005441460417763735,0.07467166979362101,0.13290000000000002,0.0763,---,---,---,---,0.1154,0.060839160839160494,-0.043706293706294,0.01193633952254599,414,0,-0.007194244604316547,0.0588235294117647,---,---,---,---,560000,-0.032653138781453886,-0.026086956521739132,-0.026086956521739132,566600,-0.055981339553482175,0.01851518964587453,0.08109139477199008,---,---,---,---,420,0.009249662592309226,0.007670115089515804,0.038203384551496224,---,---,---,---,---,---,---,---,---,---,---,---,2696,0.0033494603647190174,0.005594927265945543,0.041328698339127085,2.0340000000000003,0.0019704433497536966,0.006930693069306827,0.04953560371517021
55,90063,zipcode,All Homes,483200,-0.0033003300330033004,-0.001652892561983471,0.0836510428347163,0.1086,0.0663,---,---,---,---,---,---,---,---,459,0,0.008791208791208791,0.09808612440191387,---,---,---,---,510000,0.02,0.03436106908315046,0.13459399332591768,---,---,---,---,---,---,---,---,462,-0.027954947267539606,0.0015476640455686945,0.09670789753653526,---,---,---,---,---,---,---,---,---,---,---,---,2380,0.0012620950778291964,0.003795866722901729,0.05123674911660778,2.258,0,0.0026642984014210603,0.04828226555246058
56,90064,zipcode,All Homes,1602500,-0.001557632398753894,-0.00878332405517412,0.0020635317658829417,0.0964,0.0709,---,---,---,---,0.0814,0.010688278130138604,-0.0394837720419117,-0.008604651162790695,930,-0.002145922746781116,-0.008528784648187633,0.013071895424836602,---,---,---,---,1695000,0.06106607405552599,0.06670862177470108,0.059375,---,---,---,---,---,---,---,---,912,-0.014531455833925108,0.0005109239662686324,0.019073870577618682,5000,0.001001001001001001,0.07526881720430108,0.04275286757038582,3.4271000000000003,-0.036662925551813406,-0.046416546416546314,0.022866022866022514,---,---,---,---,5312,0.015484610973045307,0.02627511591962906,0.06155075939248602,3.234,0.01125703564727956,0.017621145374449355,0.05204944697462595
57,90065,zipcode,All Homes,810200,-0.004790566269500062,-0.015074155117918793,0.002846886990964228,0.0741,0.061200000000000004,---,---,---,---,0.16670000000000001,0.035279805352798004,0.0693215339233042,0.06372549019607901,621,-0.001607717041800643,-0.007987220447284345,0.011400651465798045,---,---,---,---,799000,0.012674271229404309,0.00012517211165352359,0,803500,-0.011806665846759316,0.003873063468265867,-0.04368007617233991,---,---,---,---,620,-0.008615650269270162,-0.008615650269270162,0.08638313990255593,2900,-0.09375,0.03571428571428571,-0.11450381679389313,---,---,---,---,---,---,---,---,3127,-0.008246114811290834,-0.005407124681933841,0.053926525109538256,2.396,-0.007456503728251962,-0.00663349917081261,0.04903677758318744
58,90066,zipcode,All Homes,1430600,0.0009795689896445563,-0.004453723034098817,0.01858312566749733,0.0956,0.0789,---,---,---,---,0.12940000000000002,-0.007200257152041001,0.018300653594771,0.0027450980392150015,948,0.0010559662090813093,0,0.0031746031746031746,0.0196,-0.013058255604573498,-0.0177467063583593,-0.0206968252679071,1395000,0,0,0.007220216606498195,1385800,-0.025251459520292608,0.014197892271662764,0.0733483076446441,---,---,---,---,948,0.024593013438750602,0.09476693969298071,0.07025739672071145,4330,0,-0.0484048404840484,-0.01648664013644116,3.4151000000000002,0.024518388791595028,0.004478653448419413,0.017200400300223972,---,---,---,---,4641,0.00847457627118644,0.014426229508196721,0.0469208211143695,3.302,0.003037667071689013,0.00486914181375533,0.025465838509316722
59,90067,zipcode,All Homes,1178900,0.009245783751391148,0.018136281198721824,0.03357881816587761,0.0727,0.034300000000000004,---,---,---,---,---,---,---,---,767,-0.007761966364812419,-0.021683673469387755,0.11159420289855072,---,---,---,---,---,---,---,---,---,---,---,---,---,---,---,---,1262,0.05305056698524393,0.03370794006321957,0.29321182691082526,---,---,---,---,---,---,---,---,---,---,---,---,4601,0.00656311529205863,0.012321232123212322,0.050216845469070986,3.0580000000000003,0.004599211563731863,0.008575197889181992,0.030323450134770842
60,90068,zipcode,All Homes,1444000,0.00020779940430837432,0.0032654762731883554,-0.020684977958630044,0.0711,0.0334,---,---,---,---,0.1831,6.287726358202406e-05,0.071423464645743,0.03755868544601,794,0,0.0012610340479192938,0.015345268542199489,0.042,0.004694597721797096,0.012976171220761898,0.0024550680235183985,1599000,0.06742323097463285,0.066711140760507,-0.08628571428571429,---,---,---,---,---,---,---,---,760,0.017543586414062885,0.05267786608166692,0.0040122101693762105,6500,0.08423686405337781,0.09243697478991597,0.057340382269215125,3.7488,0.06282739371940657,0.10647585901025765,0.2033022777775007,---,---,---,---,5282,-0.004147812971342383,-0.008075117370892018,0.022058823529411766,2.862,0.007746478873239522,0.011307420494699657,0.040727272727272765
61,90077,zipcode,All Homes,2565700,-7.7945360302428e-05,-0.014670302238949268,-0.02818075072913905,0.050800000000000005,0.0546,---,---,---,---,0.1267,-0.008817204301074995,0.028181818181818502,-0.008468468468468,896,-0.005549389567147614,-0.021834061135371178,-0.03655913978494624,0.0562,0.011606131870046195,0.0035481963335304025,0.003529722630846299,---,---,---,---,---,---,---,---,---,---,---,---,995,-0.03241616988964293,0.02114756819565099,-0.11861176083864827,---,---,---,---,---,---,---,---,---,---,---,---,9516,-0.007509386733416771,-0.008956467402624454,0.053937313102226166,3.414,-0.009860788863108993,-0.01329479768786122,0.012455516014234953
62,90094,zipcode,All Homes,1010300,-0.0033540495215547005,-0.00756385068762279,-0.0110610806577917,0.08170000000000001,0.0637,---,---,---,---,---,---,---,---,713,-0.005578800557880056,-0.021947873799725647,-0.008344923504867872,---,---,---,---,1254500,-0.019538882375928098,-0.03127413127413128,0.020748576078112285,---,---,---,---,---,---,---,---,741,-0.023337587784686767,-0.03719226615654942,0.0010410667624105102,4750,-0.048096192384769546,0.02161522744381116,0.021505376344086023,3.4071000000000002,0.05599029794741636,0.08498088156974375,0.10676662012596845,0,---,---,---,3945,0.007662835249042144,0.013357307988697662,0.03733894293978438,2.8360000000000003,0.003538570417551233,0.007818052594171926,0.020143884892086347
63,90272,zipcode,All Homes,3037000,-0.0036089238845144356,-0.01756542554912173,-0.010168828629163679,0.0623,0.0719,---,---,---,---,0.16160000000000002,0.013044733044733015,0.02051186713763402,0.0063366585105720215,1199,-0.0024958402662229617,-0.011541632316570486,-0.0016652789342214821,0.0436,0.010256873369456198,-0.009490362017589602,-0.013897077320994801,3395000,0.038704357816059076,-0.10540184453227931,0.10013318254433749,---,---,---,---,---,---,---,---,1170,0.057285552419581755,0.0295165025268274,0.06022813030385514,---,---,---,---,4.3684,-0.0033185148080904538,-0.016653591042008732,0.07071033714984964,0,---,---,---,10602,0.004833665055444982,0.008657596803348872,0.06972051256180002,4.322,0.010757717492984159,0.017899199246349414,0.06400787789266366
64,90291,zipcode,All Homes,2056100,0.012707481652957691,0.0334757476752953,0.030419965921619725,0.0844,0.0747,---,---,---,---,0.2541,0.08888096935139,0.10703953712632598,0.068614489687996,1437,0.0013937282229965157,0.002791346824842987,0.009129213483146067,---,---,---,---,2237000,-0.02314410480349345,0.0056192402787143166,0.00811176205497972,2016000,-0.008800825999311668,0.16801853997682503,0.2910662824207493,---,---,---,---,1326,0.008020301837191659,-0.004365522312906955,-0.04386998906776682,6500,-0.037037037037037035,-0.04411764705882353,0.00038476337052712584,5.0605,-0.031694127468185396,0.03013206950398618,0.08757481745117576,---,---,---,---,5951,-0.003015580499246105,0.0011776581426648722,0.04531881257684876,4.292,-0.0009310986964619291,0.00046620046620041486,0.035214664737095974
65,90293,zipcode,All Homes,765000,-0.0015661707126076742,-0.010093167701863354,0.0007849293563579278,0.0772,0.048,---,---,---,---,0.1,-0.1,0.019354838709677403,-0.073333333333333,652,-0.003058103975535168,-0.012121212121212121,0.003076923076923077,---,---,---,---,---,---,---,---,---,---,---,---,---,---,---,---,652,0.02245085290293127,-0.011672612970998517,0.02311041277947062,---,---,---,---,3.1546000000000003,0.09027798150625972,0.12464173186703405,0.10095294996266038,0,---,---,-0.0255,3307,0.000605143721633888,0.00669710806697108,0.05486443381180224,2.726,0.0051622418879055275,0.006646971935007308,0.04604758250191869
66,90731,zipcode,All Homes,636700,0.003309171131421368,0.01159834763266603,0.04651545036160421,0.062400000000000004,0.0364,---,---,---,---,0.1154,-0.013925729442971005,-0.055668016194332016,-0.031282051282052005,448,-0.0022271714922048997,-0.0022271714922048997,0.041860465116279076,0.033,0.0036937686392646985,0.0051387254411671005,0.0172352440339486,622500,0.0568760611205433,0.03931880791384924,0,---,---,---,---,---,---,---,---,457,0.022268978682263577,0.004744367619138665,0.14530044941239603,2400,0.030042918454935622,0.02127659574468085,0.11757857974388825,2.3343000000000003,0.016033666767177455,0.037483266398928926,0.12270510613884042,---,---,---,---,2752,-0.001451378809869376,0.0003635041802980734,0.03303303303303303,2.112,0.002849002849002957,0.008595988538682063,0.03834808259587035
67,90732,zipcode,All Homes,632900,-0.003150102378327296,-0.010475297060662914,-0.004404593361648577,0.0476,0.0368,---,---,---,---,0.1359,0.0572706447038286,0.04381706693919229,0.026831421006178004,411,0,-0.004842615012106538,0.019851116625310174,---,---,---,---,571500,-0.0061739130434782605,0.020537547995356727,-0.02316239316239316,559900,0.03188352377441946,0.01726017441860465,-0.005682827206535251,---,---,---,---,405,0.01833249210656513,0.02456301343146257,0.03971243924340075,---,---,---,---,---,---,---,---,0,---,---,-0.0158,2915,0.004133654839820875,0.007952973720608575,0.037366548042704624,1.9600000000000002,0.0051282051282051325,0.013443640124095152,0.05489773950484384
68,90744,zipcode,All Homes,464200,-0.0010759629868732515,-0.0019350677273704579,0.048092120117408,0.0747,0.042100000000000005,---,---,---,---,0.0811,0.0488230165649521,0.004158004158004207,0.01586368977673331,374,-0.0026666666666666666,-0.007957559681697613,0.030303030303030304,---,---,---,---,479500,0.014814814814814815,0.009473684210526316,0.07752808988764046,---,---,---,---,---,---,---,---,359,-0.024226805467520107,-0.021373832298418757,0.00120470414094105,---,---,---,---,---,---,---,---,---,---,---,---,2520,0.0035842293906810036,0.005586592178770949,0.0460772104607721,2.112,0.002849002849002957,0.004757373929590976,0.04347826086956526
69,91040,zipcode,All Homes,625300,-0.001756066411238825,-0.006829733163913596,0.0024046168643796087,0.07540000000000001,0.0511,---,---,---,---,0.2043,0.09109352809900599,0.1112778194548635,0.04912866147571398,440,0,-0.0022675736961451248,0.02564102564102564,---,---,---,---,669000,-0.03741007194244604,-0.040172166427546625,0.0886899918633035,601100,-0.03762407941082293,-0.03793213828425096,-0.016363933889707086,---,---,---,---,432,0.010949953551437042,0.04678935322539575,-0.02505319140618513,---,---,---,---,---,---,---,---,---,---,---,---,2909,-0.0024005486968449933,0.002412129565816678,0.01642208245981831,2.0660000000000003,0,0.003887269193391646,0.027860696517412964
70,91042,zipcode,All Homes,632700,-0.0026796973518284995,-0.005813953488372093,0.012481997119539128,0.0734,0.049100000000000005,---,---,---,---,0.117,0.0490601115472013,0.04009819967266811,0.04805575935436571,468,0,-0.006369426751592358,0.008620689655172414,---,---,---,---,675000,0.040061633281972264,0.05633802816901409,0.12196135466445045,611200,0.04104922500425822,-0.012760458730415118,0.003282994090610637,---,---,---,---,468,0.046612911615480396,-0.05094505784376145,0.05505545087506489,---,---,---,---,---,---,---,---,0,---,---,---,2883,0.0017373175816539264,0.007689619014330654,0.02744119743406985,2.0900000000000003,0.004807692307692205,0.011616650532429827,0.030571992110453566
71,91303,zipcode,All Homes,516600,0.00038729666924864454,-0.005582290664100095,0.0029120559114735,0.069,0.0514,---,---,---,---,---,---,---,---,405,0.0024752475247524753,0.0024752475247524753,0.015037593984962405,---,---,---,---,514900,-0.00789980732177264,-0.058683729433272394,-0.06211293260473588,---,---,---,---,---,---,---,---,421,0.007979804825156199,0.030426465350183868,0.1273676021703146,---,---,---,---,---,---,---,---,---,---,---,---,2743,-0.0010924981791697013,-0.0021826118588577663,0.04774637127578304,2.186,0,0.0027522935779815518,0.03897338403041818
72,91304,zipcode,All Homes,633700,-0.0026754800125904942,-0.01384998443821973,0.010202454965726127,0.054700000000000006,0.0431,---,---,---,---,0.134,0.020159232418087,0.014523763210788996,-0.024802910855063996,362,-0.005494505494505495,-0.010928961748633882,0.011173184357541898,0.0241,0.0003035800651875986,-0.005715568702532101,0.0016175862632554993,675000,0,0.02203043379513968,-0.034956036886124815,609800,0.026599326599326602,0.04025929716820197,-0.017719072164948453,---,---,---,---,373,0.016608736620805895,0.029622215332830007,0.02057340870132446,3150,0.05175292153589315,0.05351170568561873,0.07784431137724551,1.969,-0.024284818965360513,0.026202819817959574,0.013205107445503617,0,---,---,---,3110,-0.0019255455712451864,-0.0019255455712451864,0.04961187985150186,1.84,0.0010881392818280749,0.003271537622682664,0.05263157894736847
73,91306,zipcode,All Homes,565800,-0.003522367030644593,-0.014457411600766417,0.0072992700729927005,0.059000000000000004,0.0497,---,---,---,---,0.15280000000000002,0.024399399399400005,0.011045494313211002,0.039734299516908,359,-0.002777777777777778,-0.013736263736263736,0.008426966292134831,0.022600000000000002,0.011307800107781301,0.0058247250118094,-0.004479192290810601,579000,0.006956521739130434,0.0527291867803396,0,571900,0.023076923076923078,0.0045670121201475495,0.005450070323488046,---,---,---,---,336,0.0014868604153157495,-0.022591773483317614,-0.008134458519389709,2800,-0.01929824561403509,-0.0667779632721202,0.018400437238112587,1.9369,-0.03662300831151944,-0.008328019744445442,0.08476975513755688,---,---,---,---,2930,0,0.0010249402118209772,0.04085257548845471,1.9500000000000002,-0.0010245901639344272,0.001026694045174539,0.04389721627408985
74,91311,zipcode,All Homes,637600,-0.002190923317683881,-0.009476464191393506,0.004569087757995903,0.054700000000000006,0.0383,---,---,---,---,0.12380000000000001,-0.048486427590127015,-0.03645861823751399,-0.012822989616034999,331,-0.0030120481927710845,-0.008982035928143712,0.0030303030303030303,0.0264,0.0003786602216595014,0.0041726981620388015,0.0006879795102251007,689000,-0.01430615164520744,-0.015700224288918412,-0.01430615164520744,---,---,---,---,---,---,---,---,322,-0.01349740012328343,-0.031077870365557262,0.012172528906557694,2900,-0.03333333333333333,-0.03333333333333333,0.017543859649122806,1.8383,0.023537825111119536,0.051424814157645396,0.17813334124206698,---,---,---,---,3112,-0.0012836970474967907,-0.0019243104554201413,0.039065108514190316,1.6820000000000002,0.0011904761904761917,0.0023837902264600736,0.04601990049751234
75,91316,zipcode,All Homes,706700,0.0024113475177304964,-0.007304396684927658,0.00597864768683274,0.07050000000000001,0.0543,---,---,---,---,0.20270000000000002,0.04736289687745998,0.09159159159159198,0.04736289687745998,458,-0.002178649237472767,-0.01293103448275862,-0.002178649237472767,0.029400000000000003,0.001098837257573897,0.0080224881736354,-0.00019508746143440003,749500,0.026784491026167968,0.014140730717185386,-0.037933247753530165,658100,-0.023300682695161768,-0.007989146819415134,0.021735755317497284,---,---,---,---,435,0.044626799899956084,-0.01056588085402284,-0.09920543745971462,---,---,---,---,2.3119,-0.024597874341850994,0.09387912290695538,0.09747368886582289,---,---,---,---,3117,-0.003835091083413231,-0.005741626794258373,0.028034300791556728,2.236,0.0008952551477171995,0.005395683453237415,0.06374881065651777
76,91324,zipcode,All Homes,622300,-0.0024046168643796087,-0.0059105431309904154,-0.009076433121019108,0.0591,0.0414,---,---,---,---,0.12990000000000002,0.029870129870129995,0.0837162837162839,-0.023071046600458,340,-0.002932551319648094,-0.008746355685131196,0.0029498525073746312,---,---,---,---,657100,0.05561588818828065,0.09239737596339914,0.02687060478199719,641000,0.06691078561917443,0.06178565512671857,-0.021822066229207997,---,---,---,---,345,-0.007761791689036612,-0.03073362681148895,-0.011443183792874689,---,---,---,---,---,---,---,---,---,---,---,---,3092,-0.0029022895840051595,-0.003223726627981947,0.04849101390301797,1.74,-0.003436426116838491,-0.003436426116838491,0.04441776710684278
77,91325,zipcode,All Homes,702800,0.0018531717747683535,0.0034266133637921186,0.019733023795705164,0.0596,0.0482,---,---,---,---,0.1429,0.04711246200607921,0.02380952380952401,0.012016021361816004,338,-0.0029498525073746312,-0.0058823529411764705,0.005952380952380952,0.020300000000000002,-0.007081481041040498,-0.0025558585612922968,-0.013064387023946397,749000,-0.02600780234070221,0.05567300916138125,0.013531799729364004,667000,-0.02556610664718773,-0.13230128788864318,-0.06934561183200781,---,---,---,---,347,0.011356917233439396,0.04265607306216066,0.025195482189401718,3200,0.05785123966942149,0.06666666666666667,0.06224066390041494,1.9229,0.015198767655359042,0.028013626869071395,0.007937352088343258,---,---,---,---,3279,-0.0009140767824497258,-0.0006095702529716549,0.02919020715630885,1.7000000000000002,-0.004683840749414524,-0.007009345794392529,0.035322777101096256
78,91326,zipcode,All Homes,780800,-0.0017898235745333673,-0.007625826131164209,0.0029543994861913944,0.0378,0.0363,---,---,---,---,0.0922,-0.018912529550827308,-0.11441298868765032,-0.0002869675726643095,337,0,-0.0058997050147492625,0,0.0222,0.007610350076103598,0.0039191919191919975,-0.001989739679187701,859500,0.013631246966919298,-0.0017386820163136458,0.03560455449123441,759300,-0.0032817012339196646,-0.005631220534311158,0.0038339502908514016,---,---,---,---,344,-0.007464233456076736,0.02121419660465992,-0.011031651643761324,3500,0,0,0.0622154779969651,1.7297,0.029888482023968484,0.014608597037660936,0.047545772303590805,0,---,---,---,3577,0.002522421524663677,0.005057600449564484,0.03262124711316397,1.6,-0.002493765586034915,-0.0012484394506866428,0.0335917312661499
79,91331,zipcode,All Homes,484600,-0.003700657894736842,-0.013235593565465283,0.023442449841605068,0.0743,0.0558,---,---,---,---,0.0621,0.008377690349456195,-0.02552227535867101,0.024568965517241397,367,-0.002717391304347826,-0.01078167115902965,0.019444444444444445,0.037700000000000004,-0.0026487663280115024,0.014960331776338603,0.0155744235520273,472500,-0.005263157894736842,0.016129032258064516,0.03391684901531729,467600,-0.0038346825734980826,0.00429553264604811,0.02118366455557982,---,---,---,---,346,1.7956525736453282e-05,0.004129331619680464,-0.0002834926522424513,---,---,---,---,---,---,---,---,---,---,---,---,2660,-0.005979073243647235,-0.007832898172323759,0.030209140201394268,2.0940000000000003,-0.0056980056980057035,-0.0066413662239090294,0.027477919528949978
80,91335,zipcode,All Homes,547200,0.00018278194114421494,-0.0054525627044711015,0.022612595776490375,0.0618,0.054700000000000006,---,---,---,---,0.07300000000000001,-0.046284473953013494,-0.0840343549620565,-0.0519662921348315,393,-0.0025380710659898475,-0.005063291139240506,0.028795811518324606,0.031,0.0066306703366017005,0.010717871063471099,-9.465673018890009e-05,552500,0.014692378328741963,0.02525942310832678,-0.0045045045045045045,537000,0.04130308318789995,0.02676864244741874,0.03229527104959631,---,---,---,---,390,0.008508188244255865,0.026535690661432833,0.0005389465078004507,2750,0.020408163265306124,0,0.0018214936247723133,2.2584,0.022225453443628588,0.03700727332118826,0.17163504968383017,---,---,---,---,2844,-0.000351493848857645,0.00035174111853675694,0.039473684210526314,2.0820000000000003,0.0009615384615383556,0.0028901734104045196,0.04204204204204196
81,91342,zipcode,All Homes,523700,0,-0.0019058509624547359,0.03192118226600985,0.0678,0.0509,---,---,---,---,0.1411,0.058401672819943296,0.03903802184774299,0.038514735610171,345,-0.002890173410404624,-0.005763688760806917,0.029850746268656712,0.0275,-0.0033721369458467,0.0030122062651218996,-0.0056426238788216,525000,0.009613461538461538,-9.523818594112947e-07,0.029409803921568625,507200,-0.017054263565891473,0.008550407635712865,0.02113952083752768,---,---,---,---,337,0.008277990684295364,0.04186046511627881,0.047034883720929,2530,0.01,-0.0380952380952381,-0.06307977736549165,1.9803000000000002,0.004974389282899794,0.018800589731731425,0.08837810377463694,---,---,---,---,2728,-0.0021945866861741038,-0.005105762217359592,0.0380517503805175,1.874,0.002139037433155082,0.002139037433155082,0.04111111111111114
82,91343,zipcode,All Homes,594400,-0.0011762728953117123,-0.003186315612946503,0.01780821917808219,0.0646,0.0483,---,---,---,---,0.09290000000000001,-0.009332638164755096,-0.0364532019704431,0.0411330049261084,345,-0.002890173410404624,-0.011461318051575931,0.0029069767441860465,0.0235,0.0038686795642489,0.0011449555924487997,-0.016793168880455397,589000,0.03880070546737213,0.04266241812710215,0.006837606837606838,565300,0.008024251069900143,0.009284056418496696,0.019293184276956366,---,---,---,---,335,0.0039549433849723255,0.02567920996439642,0.049203594265931835,2700,-0.03434704830053667,-0.0693103448275862,-0.052982456140350874,---,---,---,---,---,---,---,---,2979,-0.00501002004008016,-0.005342237061769616,0.015683600409137403,1.836,-0.0021739130434782626,0,0.0349492671927847
83,91344,zipcode,All Homes,647900,-0.00046282011724776306,-0.0024634334103156275,0.017111459968602825,0.058,0.048100000000000004,---,---,---,---,0.1037,-0.027293844367014996,0.0029391121249340026,0.007964756681059804,373,0,-0.0026737967914438497,0.01912568306010929,0.0229,-0.010272826335098597,-0.003763207222958598,-0.014243966030317096,729800,0.04262642857142858,0.07014442815249267,0.08124222222222223,651800,0.01653150343106675,-0.0016847909327615256,0.013213119850769471,---,---,---,---,363,-0.00017088119916674148,0.01894108396429435,-0.010803337860498287,3000,0,-0.0625,0.01867572156196944,1.9594,0.0615540120257126,0.09367990500065942,0.07414990669707623,---,---,---,---,3128,-0.0006389776357827476,0.0003197953309881676,0.030303030303030304,1.82,0.0011001100110011011,0.0022026431718061693,0.03291713961407494
84,91345,zipcode,All Homes,540600,-0.0020306442680450435,-0.0040530582166543845,0.035632183908045977,0.0678,0.051300000000000005,---,---,---,---,---,---,---,---,366,0,-0.0027247956403269754,0.036827195467422094,---,---,---,---,547900,0.005302752293577981,-0.0197871008140263,0.006235135308864177,541500,-0.036476868327402136,-0.006604292790313704,0.0693127962085308,---,---,---,---,369,0.0036560034679064463,0.051239848375989695,0.046343972986936356,---,---,---,---,---,---,---,---,0,-0.024,---,---,2800,-0.0035587188612099642,-0.0053285968028419185,0.029033443586916573,1.9580000000000002,-0.002038735983690114,-0.0050813008130081334,0.0327004219409283
85,91352,zipcode,All Homes,548100,-0.0023662176920276664,-0.010113780025284451,0.0325923134890731,0.0811,0.057100000000000005,---,---,---,---,0.0789,-0.07581453634085239,-0.011961722488038298,-0.0010526315789473983,424,-0.002352941176470588,-0.016241299303944315,0.019230769230769232,---,---,---,---,570000,0.019676207513416817,0.00884778761061947,0.07597734780556867,550900,-0.019227345558127114,-0.01519485162674294,0.01867603550295858,---,---,---,---,432,0.02171056547619206,0.06691673518517345,0.059484263366277525,---,---,---,---,---,---,---,---,---,---,---,---,2790,-0.0017889087656529517,0.0007173601147776185,0.04377104377104377,2.178,-0.002747252747252851,0,0.035171102661596884
86,91356,zipcode,All Homes,982000,-0.008180991819008181,-0.02142501245640259,0.0536480686695279,0.059000000000000004,0.0512,---,---,---,---,0.16590000000000002,-0.0064749284746270066,0.019442049342197,0.004174158746467995,429,-0.002325581395348837,-0.009237875288683603,0.007042253521126762,0.0334,0.002086026915588102,0.0027728577068805026,-0.0001587589575958992,1120000,0.06768350810295519,0.01910828025477707,-0.09640984267849939,---,---,---,---,---,---,---,---,428,0.011394222798102973,0.03793424715278852,0.0041392735397772825,2950,0.03508771929824561,0.017241379310344827,-0.1323529411764706,2.1990000000000003,-0.01211221380011091,-0.03005092160941274,0.026178010471204608,---,---,---,---,4163,0.0021665864227250844,0.006771463119709794,0.04940761280564659,2.052,-0.0019455252918287955,0.002932551319648205,0.03531786074672052
87,91364,zipcode,All Homes,905600,-0.0009928295642581356,-0.0036307624601166245,0.027572903665040283,0.0424,0.0374,---,---,---,---,0.24710000000000001,0.058891142663962025,0.09495252373813103,0.13284072249589501,439,-0.0022727272727272726,-0.009029345372460496,0.025700934579439248,0.0262,-0.004610377316730201,-0.0017300013997912033,-0.0031693829281477016,998000,0,0.003015075376884422,0.051633298208640675,834800,0.004693705620411602,-0.009492168960607499,-0.051794638800545204,---,---,---,---,439,-0.0007290581947522289,0.03098131172784537,0.04126178079813845,---,---,---,---,2.0556,-0.001274074074069568,-0.033632378208442955,-0.005311666355830638,---,---,---,---,4068,0.004940711462450593,0.010181276384405264,0.047104247104247106,1.9500000000000002,0.004119464469618954,0.010362694300518146,0.035031847133757996
88,91367,zipcode,All Homes,762800,0.00026226068712300026,-0.009865005192107996,-0.006382701576136513,0.0454,0.0437,---,---,---,---,0.1681,-0.004310344827586014,0.03582831600073,-0.004793747985820005,419,-0.004750593824228029,-0.01179245283018868,0.0023923444976076554,0.0352,0.009370310747612503,0.0160299522415046,0.0111840104092615,784700,0.012463870967741935,0.12254577968526466,0.023758236023223956,---,---,---,---,---,---,---,---,430,0.013994343441382916,0.02199383212951802,0.02484820684148545,3200,-0.030349013657056147,0.07035175879396985,0.14107142857142857,2.3464,0.009132222822253186,-0.018774485183324283,0.07424717751621676,---,---,---,---,3461,0.004352872896111433,0.005812263876780006,0.046251511487303505,1.9480000000000002,0.001027749229188079,0.004123711340206189,0.04282655246252668
89,91401,zipcode,All Homes,797800,-0.003372891942535915,-0.008697813121272366,0.007068921989396617,0.0608,0.0536,---,---,---,---,0.1618,---,0.04872122762148301,0.052389705882353005,482,0,-0.002070393374741201,0.034334763948497854,0.0291,-0.007648730488027397,0.012004981020387202,-0.017116996291937,774900,0.022430399788890356,0.015729453401494297,0.03457943925233645,786700,0.047676121986949,0.07634423313722807,0.02328303850156087,---,---,---,---,429,0.024220555813067875,-0.00993058765312414,-0.016819423926720742,---,---,---,---,2.4028,-0.002139942813671385,0.08764051295492643,0.08354385782469953,---,---,---,---,3469,0.002021952628538417,0.006382361473745286,0.0439362022269034,2.154,0.0009293680297396746,0.004664179104477513,0.04563106796116498
90,91402,zipcode,All Homes,492300,0.002443494196701283,0.003669724770642202,0.03729456384323641,0.0746,0.0596,---,---,---,---,0.1047,0.037984496124031306,-0.020348837209301997,0.0015583792855430013,350,0,0,0.04477611940298507,---,---,---,---,454300,-0.01169277025865726,0.0688670588235294,-0.05753423236514523,455100,0.0877151051625239,0.10380790686393401,-0.0231809401159047,---,---,---,---,319,-0.023447092504575943,-0.0007234736608559344,-0.0070335993004509365,---,---,---,---,---,---,---,---,---,---,---,---,2590,0.0011596443757247777,0.0019342359767891685,0.03310729956122856,2.028,-0.0019685039370078757,-0.0009852216748767388,0.04643962848297219
91,91403,zipcode,All Homes,1085300,-0.0038549793483249203,-0.01577945043982951,-0.0009205560158335635,0.06380000000000001,0.049600000000000005,---,---,---,---,0.1883,-0.068445068445069,-0.027374586198116013,0.053983330102733,582,-0.0017152658662092624,-0.005128205128205127,0.01926444833625219,0.037000000000000005,0.0063524424483106,-0.0017649545793902988,0.0102334755112919,1199500,-0.07336951273682381,-0.11671575846833578,0.008830950378469302,---,---,---,---,---,---,---,---,541,0.0067378388169339,-0.003851439119000124,0.021217017069151457,---,---,---,---,---,---,---,---,---,---,---,---,4336,-0.004362801377726751,-0.00344748333716387,0.02602934216753431,2.408,0,0.002497918401332133,0.0487804878048781
92,91405,zipcode,All Homes,582000,-0.00034352456200618345,-0.003936334074961492,0.031366294524189264,0.06810000000000001,0.060500000000000005,---,---,---,---,0.1139,0.0657312795485736,-0.08877865206979198,0.0384523525197035,372,0,0.0026954177897574125,0.027624309392265192,---,---,---,---,542000,0.05756097560975611,0.0325776338350162,-0.04895595718547113,491800,-0.012053033346725592,-0.049661835748792266,-0.09595588235294118,---,---,---,---,359,0.008450823251031043,0.08075255733948639,-0.010407306124692407,2850,-0.04121110176619007,0.027027027027027025,-0.017241379310344827,2.0049,-0.0821601906125598,-0.002209406053561963,0.019702300029374484,---,---,---,---,2896,-0.0010348395998620215,0.000691085003455425,0.03836500537827178,1.998,0.0010020040080160328,0.0030120481927710875,0.0384615384615385
93,91406,zipcode,All Homes,599500,-0.0013326669998334167,-0.008435329143235196,0.015757370382921045,0.067,0.056900000000000006,---,---,---,---,0.1288,0.038562314878104596,0.008098223615464998,0.027338603425559996,419,0,-0.004750593824228029,0.019464720194647202,0.029400000000000003,0.004419889773591401,0.002297103051747098,-0.00048360151235379953,599900,0.001581803005008347,0.016860169491525422,-8.583347638912731e-05,592600,-0.017898574743122307,0.005599864245715255,0.022958743310892458,---,---,---,---,416,0.022921604091551872,-0.001557006802721814,-0.01112912667668437,2950,0,0.018998272884283247,0.014617368873602751,2.3121,-0.04328694399721643,-0.05139980166652345,0.15204197160335547,---,---,---,---,2931,-0.0017029972752043597,-0.0006818956699624957,0.028782028782028783,2.096,-0.0019047619047619063,0,0.033530571992110486
94,91411,zipcode,All Homes,730400,-0.0002737476047084588,-0.0072040233790947395,-0.0016402405686167304,0.057800000000000004,0.054200000000000005,---,---,---,---,0.16670000000000001,0.0740740740740744,0.033333333333334,0.01149425287356399,498,0.002012072434607646,-0.004,0.0163265306122449,---,---,---,---,769000,0.10014306151645208,0.12099125364431487,0,---,---,---,---,---,---,---,---,509,0.05370285906760307,0.05370285906760307,0.016280267589062807,---,---,---,---,---,---,---,---,0,---,---,---,3172,-0.0034558592522777255,-0.004394224733207784,0.02223654527876249,2.3120000000000003,-0.0008643042350908487,0.0034722222222222255,0.04050405040504044
95,91423,zipcode,All Homes,1114200,0.00017953321364452425,-0.001254930082466834,0.020984147347200586,0.06910000000000001,0.0568,---,---,---,---,0.19790000000000002,0.09051632979848298,0.04634581105169298,0.038351760112856986,599,-0.0016666666666666668,-0.0033277870216306153,0.020442930153321975,0.031400000000000004,0.0028408069917503997,-0.020236514679905403,0.0033204633204633005,1349000,0.04169884169884171,0.03849114703618168,0.12416713506963963,---,---,---,---,---,---,---,---,599,-0.0017034355389746337,0.016306434128112206,0.09660870408854182,---,---,---,---,2.3274,-0.022997380419820624,-0.044112389111885426,-0.09231962761830906,0,---,---,---,4243,-0.000706547338671691,0.0011798017932987258,0.026118500604594922,2.444,-0.001633986928104577,0,0.04088586030664399
96,91436,zipcode,All Homes,1652600,0.002122369777454369,0.0039487272948180545,0.018928417288365498,0.0639,0.044500000000000005,---,---,---,---,0.1761,0.030895047705588007,0.03319919517102599,-0.03495283628375798,619,0,0.0016181229773462786,0.01309328968903437,0.0247,-0.015660773448279198,-0.0018369636404261013,-0.009226798738065103,1949000,-0.00025647601949217746,-0.02501250625312656,-0.00025647601949217746,1366700,-0.056081221078803783,-0.20378677541508886,-0.08710173001135528,---,---,---,---,617,0.008489412510776078,0.004226764880061587,-0.028206085793353163,---,---,---,---,2.5778000000000003,0.04680469167763441,0.1072248873436512,0.11559032137534311,---,---,---,---,6459,0.002016754576481539,0.01222378937470616,0.05972108285479902,2.432,0.004128819157720803,0.008291873963515762,0.0620087336244541
97,91601,zipcode,All Homes,735100,-0.005277401894451961,-0.019474456449246367,0.04909376337947766,0.08510000000000001,0.0565,---,---,---,---,0.1489,0.0590485297633278,0.041243862520458,0.0840011052777011,556,-0.005366726296958855,-0.0176678445229682,0.03153988868274583,0.037200000000000004,0.015852759569122,-0.024995984816731404,-0.010068140096858604,775000,0.006493506493506493,-0.04202719406674907,0.03748326639892905,---,---,---,---,---,---,---,---,498,0.016488078360634876,-0.1229282910932384,-0.08935129573685241,2760,-0.07859531772575251,-0.11129032258064515,0.013986013986013986,2.7627,-0.024424029247491277,-0.010365291635000601,0.19608548513028107,---,---,---,---,3094,0.003893575600259572,0.008145975887911373,0.041400201952204646,2.44,0.0041152263374484715,0.009098428453267079,0.049913941480206586
98,91602,zipcode,All Homes,911300,0.005738880918220948,0.003966068084168778,0.04100982408042038,0.0674,0.0487,---,---,---,---,0.1505,-0.014510909280718014,0.006093189964157997,-0.057795698924731,560,-0.0017825311942959,-0.012345679012345678,0.014492753623188406,0.018000000000000002,-0.004297644954847497,-0.009778848925408399,-0.0237806695896052,859700,-0.04366017797552837,-0.04366017797552837,-0.0944705532922426,809300,0.0019809335149189055,0.05638950528651612,0.17221900347624566,---,---,---,---,527,-0.019885386562708735,-0.03680656976220346,-0.010392751081474855,3450,-0.029440766305113397,-0.0220014194464159,0.06081601231716705,2.5871,-0.011719696969698178,0.10876623376623455,0.01716579069454732,0,---,---,---,3508,0.0025721634752786508,0.006310958118187034,0.02843740838463794,2.404,0.00501672240802676,0.006700167504187611,0.046127067014795416
99,91604,zipcode,All Homes,1363500,-0.0019032281677768832,-0.005035026269702276,0.023418149065525782,0.07640000000000001,0.0604,---,---,---,---,0.1683,0.038316831683168004,0.04967276388655801,-0.004760091393754991,687,-0.0014534883720930232,-0.002902757619738752,0.025373134328358207,0.027600000000000003,-0.0196842747561899,-0.018070253773647002,-0.020328059849512095,1549000,-0.01650793650793651,0.04732927653820149,0.10880458124552612,1296000,0.046427129592248685,0.027837259100642397,0.3797508783136378,---,---,---,---,659,0.03620242133803474,0.012390374579728051,0.028365644815880837,5000,0.001001001001001001,0.010101010101010102,0.04166666666666666,2.9808000000000003,0.046767166155851865,0.015401965563107016,0.046176779989728516,---,---,---,---,5022,0.0035971223021582736,0.007220216606498195,0.047996661101836396,2.646,0.0022727272727271907,0.004555808656036451,0.04173228346456688
100,91605,zipcode,All Homes,580000,0.0027662517289073307,0.005373548275264344,0.04542177361211247,0.0839,0.0604,---,---,---,---,0.0941,0.011925866236905698,-0.0026565464895636024,0.0441176470588235,400,0,0,0.02564102564102564,---,---,---,---,613000,0.0012241731318905675,-0.010493139628732849,0.08303798586572438,570100,-0.030112283089486224,-0.05877497110780914,-0.030277258037081135,---,---,---,---,401,0.00418102111465909,-0.03631412996505194,0.019265398271589088,---,---,---,---,---,---,---,---,---,---,---,---,2911,-0.0013722126929674096,0.0006875214850464077,0.05471014492753623,2.06,-0.0029041626331073487,-0.0019379844961240327,0.04674796747967483
101,91606,zipcode,All Homes,640300,-0.0009361834919644251,-0.007902076231794236,0.05208675649030562,0.0877,0.066,---,---,---,---,0.1148,0.0576112412177989,-0.035245901639344004,0.0639066407335374,479,0,-0.004158004158004158,0.04814004376367615,---,---,---,---,660000,0.000758150113722517,0.015540852438836744,0.016166281755196306,639200,-0.005909797822706065,0.008838383838383838,0.09041282838621631,---,---,---,---,473,-0.018963857760128523,0.027688596714741127,-0.019575264762111844,---,---,---,---,---,---,---,---,0,---,---,---,2946,0.00408997955010225,0.008558712769599451,0.03368421052631579,2.2960000000000003,0.0008718395815169048,0.005253940455341511,0.039855072463767946
102,91607,zipcode,All Homes,898400,-0.00033381551129409143,-0.006194690265486726,0.002007584207004238,0.058100000000000006,0.055,---,---,---,---,0.1613,0.031290322580644986,0.010127531882970988,0.05017921146953398,525,-0.003795066413662239,-0.011299435028248588,0.021400778210116732,0.043500000000000004,0.0183502602367768,0.013477960866565195,0.001878260869565196,899000,-0.0011111111111111111,0.03464388225085108,-0.03952991452991453,877800,-0.0004554771122751082,-0.04128440366972477,0.11170212765957446,---,---,---,---,508,-0.015425153356444041,0.05035649718421129,-0.01912309074270675,3800,0,0.08542857142857142,0.26107883817427385,2.4223,0.003627060419769035,0.0367379895034325,0.05846515212683905,0,---,---,---,3703,0.001622937516905599,0.008167710318540702,0.06377477736282677,2.258,0.0017746228926353166,0.005342831700801429,0.05514018691588779
